Mostafa,Kiyaee,mstf.kiyaee@gmail.com
Robert,DeNiro,R.Deniro@gmail.com
123,456,123456@gmail.com
Mehrdad,Mohammad,mmohamadi@gmail.com
Max,Abdollahi,abdolahi@gmail.com
Ali,Mozafari,mozafari@gmail.com
Ali,Ketabi,aketabi@gmail.com
Alex,Schultz,schultz@gmail.com
